tconst,primaryTitle_norm,primaryTitle,startYear
tt0120667,fantastic four,Fantastic Four,2005
tt0121164,corpse bride,Corpse Bride,2005
tt0121766,star wars episode iii revenge of the sith,Star Wars: Episode III - Revenge of the Sith,2005
tt0200465,the bank job,The Bank Job,2008
tt0206634,children of men,Children of Men,2006
tt0211933,awake,Awake,2007
tt0257516,cursed,Cursed,2005
tt0259324,ghost rider,Ghost Rider,2007
tt0267891,the ringer,The Ringer,2005
tt0292963,before the devil knows youre dead,Before the Devil Knows You're Dead,2007
tt0293564,rush hour 3,Rush Hour 3,2007
tt0294870,rent,Rent,2005
tt0310243,tracks,Tracks,2005
tt0318081,a sound of thunder,A Sound of Thunder,2005
tt0318761,thumbsucker,Thumbsucker,2005
tt0320661,kingdom of heaven,Kingdom of Heaven,2005
tt0326905,the great raid,The Great Raid,2005
tt0327643,dirty love,Dirty Love,2005
tt0329774,xxx state of the union,xXx: State of the Union,2005
tt0330373,harry potter and the goblet of fire,Harry Potter and the Goblet of Fire,2005
tt0331933,man of the house,Man of the House,2005
tt0337692,on the road,On the Road,2012
tt0337978,live free or die hard,Live Free or Die Hard,2007
tt0340084,the drop,The Drop,2006
tt0342258,unleashed,Unleashed,2005
tt0342735,manderlay,Manderlay,2005
tt0343996,the lost city,The Lost City,2005
tt0348150,superman returns,Superman Returns,2006
tt0348333,waiting,Waiting...,2005
tt0350261,an unfinished life,An Unfinished Life,2005
tt0352248,cinderella man,Cinderella Man,2005
tt0355295,the brothers grimm,The Brothers Grimm,2005
tt0355702,lords of dogtown,Lords of Dogtown,2005
tt0356680,the family stone,The Family Stone,2005
tt0356910,mr mrs smith,Mr. & Mrs. Smith,2005
tt0357110,the ballad of jack and rose,The Ballad of Jack and Rose,2005
tt0357277,elektra,Elektra,2005
tt0357507,boogeyman,Boogeyman,2005
tt0358082,robots,Robots,2005
tt0358273,walk the line,Walk the Line,2005
tt0360486,constantine,Constantine,2005
tt0360717,king kong,King Kong,2005
tt0362165,son of the mask,Son of the Mask,2005
tt0362478,the box,The Box,2009
tt0362718,sisters,Sisters,2005
tt0365686,revolver,Revolver,2005
tt0365830,tenacious d in the pick of destiny,Tenacious D in the Pick of Destiny,2006
tt0365885,the upside of anger,The Upside of Anger,2005
tt0365907,a walk among the tombstones,A Walk Among the Tombstones,2014
tt0365929,whiteout,Whiteout,2009
tt0366780,mirrormask,Mirrormask,2005
tt0367089,the squid and the whale,The Squid and the Whale,2005
tt0367959,hannibal rising,Hannibal Rising,2007
tt0368222,romance cigarettes,Romance & Cigarettes,2005
tt0368375,duplicity,Duplicity,2005
tt0368578,are we there yet,Are We There Yet?,2005
tt0368709,elizabethtown,Elizabethtown,2005
tt0369226,alone in the dark,Alone in the Dark,2005
tt0369441,fun with dick and jane,Fun with Dick and Jane,2005
tt0369735,monsterinlaw,Monster-in-Law,2005
tt0371606,chicken little,Chicken Little,2005
tt0371724,the hitchhikers guide to the galaxy,The Hitchhiker's Guide to the Galaxy,2005
tt0372784,batman begins,Batman Begins,2005
tt0373051,journey to the center of the earth,Journey to the Center of the Earth,2008
tt0373469,kiss kiss bang bang,Kiss Kiss Bang Bang,2005
tt0373883,halloween,Halloween,2007
tt0373889,harry potter and the order of the phoenix,Harry Potter and the Order of the Phoenix,2007
tt0373926,the interpreter,The Interpreter,2005
tt0375210,white noise,White Noise,2005
tt0375568,astro boy,Astro Boy,2009
tt0375611,black,Black,2005
tt0376105,racing stripes,Racing Stripes,2005
tt0376108,rebound,Rebound,2005
tt0376994,xmen the last stand,X-Men: The Last Stand,2006
tt0377107,proof,Proof,2005
tt0377109,the ring two,The Ring Two,2005
tt0377471,be cool,Be Cool,2005
tt0377818,the dukes of hazzard,The Dukes of Hazzard,2005
tt0378109,into the blue,Into the Blue,2005
tt0379725,capote,Capote,2005
tt0379786,serenity,Serenity,2005
tt0379865,leatherheads,Leatherheads,2008
tt0380599,oliver twist,Oliver Twist,2005
tt0381061,casino royale,Casino Royale,2006
tt0381849,310 to yuma,3:10 to Yuma,2007
tt0382625,the da vinci code,The Da Vinci Code,2006
tt0382628,dark water,Dark Water,2005
tt0382717,life of the party,Life of the Party,2005
tt0383010,the three stooges,The Three Stooges,2012
tt0383028,synecdoche new york,"Synecdoche, New York",2008
tt0383574,pirates of the caribbean dead mans chest,Pirates of the Caribbean: Dead Man's Chest,2006
tt0384537,silent hill,Silent Hill,2006
tt0384793,accepted,Accepted,2006
tt0384806,the amityville horror,The Amityville Horror,2005
tt0385002,green street hooligans,Green Street Hooligans,2005
tt0385752,the golden compass,The Golden Compass,2007
tt0386140,the legend of zorro,The Legend of Zorro,2005
tt0386588,hitch,Hitch,2005
tt0387055,battle in heaven,Battle in Heaven,2005
tt0387131,the constant gardener,The Constant Gardener,2005
tt0387514,prime,Prime,2005
tt0387808,idiocracy,Idiocracy,2006
tt0387877,the black dahlia,The Black Dahlia,2006
tt0388482,transporter 2,Transporter 2,2005
tt0388500,beauty shop,Beauty Shop,2005
tt0388795,brokeback mountain,Brokeback Mountain,2005
tt0388837,the circle,The Circle,2005
tt0389557,black book,Black Book,2006
tt0389722,30 days of night,30 Days of Night,2007
tt0389790,bee movie,Bee Movie,2007
tt0389860,click,Click,2006
tt0393109,brick,Brick,2005
tt0393162,coach carter,Coach Carter,2005
tt0395251,the producers,The Producers,2005
tt0395584,the devils rejects,The Devil's Rejects,2005
tt0395699,the pacifier,The Pacifier,2005
tt0396171,perfume the story of a murderer,Perfume: The Story of a Murderer,2006
tt0396269,wedding crashers,Wedding Crashers,2005
tt0396555,meet the robinsons,Meet the Robinsons,2007
tt0397065,house of wax,House of Wax,2005
tt0397101,the skeleton key,The Skeleton Key,2005
tt0397535,memoirs of a geisha,Memoirs of a Geisha,2005
tt0397892,bolt,Bolt,2008
tt0398017,derailed,Derailed,2005
tt0398165,the longest yard,The Longest Yard,2005
tt0398712,assault on precinct 13,Assault on Precinct 13,2005
tt0398808,bridge to terabithia,Bridge to Terabithia,2007
tt0399146,a history of violence,A History of Violence,2005
tt0399201,the island,The Island,2005
tt0399295,lord of war,Lord of War,2005
tt0399327,the man,The Man,2005
tt0400497,herbie fully loaded,Herbie: Fully Loaded,2005
tt0401420,fierce people,Fierce People,2005
tt0401445,a good year,A Good Year,2006
tt0401792,sin city,Sin City,2005
tt0401855,underworld evolution,Underworld: Evolution,2006
tt0402022,æon flux,Æon Flux,2005
tt0402057,beowulf grendel,Beowulf & Grendel,2005
tt0402399,the new world,The New World,2005
tt0402901,the cave,The Cave,2005
tt0403016,supercross,Supercross,2005
tt0403217,last days,Last Days,2005
tt0403455,roll bounce,Roll Bounce,2005
tt0403508,the sisterhood of the traveling pants,The Sisterhood of the Traveling Pants,2005
tt0403702,youth in revolt,Youth in Revolt,2009
tt0404030,everything is illuminated,Everything Is Illuminated,2005
tt0404032,the exorcism of emily rose,The Exorcism of Emily Rose,2005
tt0404203,little children,Little Children,2006
tt0404390,running scared,Running Scared,2006
tt0405094,the lives of others,The Lives of Others,2006
tt0405422,the 40yearold virgin,The 40-Year-Old Virgin,2005
tt0406375,zathura a space adventure,Zathura: A Space Adventure,2005
tt0406650,the chumscrubber,The Chumscrubber,2005
tt0407265,transamerica,Transamerica,2005
tt0407304,war of the worlds,War of the Worlds,2005
tt0407887,the departed,The Departed,2006
tt0408236,sweeney todd the demon barber of fleet street,Sweeney Todd: The Demon Barber of Fleet Street,2007
tt0408306,munich,Munich,2005
tt0408345,firewall,Firewall,2006
tt0408839,the heartbreak kid,The Heartbreak Kid,2007
tt0409379,in secret,In Secret,2013
tt0409847,cowboys aliens,Cowboys & Aliens,2011
tt0410097,hustle flow,Hustle & Flow,2005
tt0410403,only the brave,Only the Brave,2006
tt0411195,breakfast on pluto,Breakfast on Pluto,2005
tt0411477,hellboy ii the golden army,Hellboy II: The Golden Army,2008
tt0412019,broken flowers,Broken Flowers,2005
tt0413300,spiderman 3,Spider-Man 3,2007
tt0414387,pride prejudice,Pride & Prejudice,2005
tt0414951,the quiet,The Quiet,2005
tt0414993,the fountain,The Fountain,2006
tt0415306,talladega nights the ballad of ricky bobby,Talladega Nights: The Ballad of Ricky Bobby,2006
tt0415806,fools gold,Fool's Gold,2005
tt0415978,me and you and everyone we know,Me and You and Everyone We Know,2005
tt0416212,the secret life of bees,The Secret Life of Bees,2008
tt0416315,wolf creek,Wolf Creek,2005
tt0416320,match point,Match Point,2005
tt0417001,must love dogs,Must Love Dogs,2005
tt0417217,two for the money,Two for the Money,2005
tt0417658,factotum,Factotum,2005
tt0418279,transformers,Transformers,2007
tt0418647,dreamer,Dreamer,2005
tt0418763,jarhead,Jarhead,2005
tt0418773,junebug,Junebug,2005
tt0418819,land of the dead,Land of the Dead,2005
tt0419692,disconnect,Disconnect,2010
tt0419706,doom,Doom,2005
tt0420223,stranger than fiction,Stranger Than Fiction,2006
tt0420293,the stanford prison experiment,The Stanford Prison Experiment,2015
tt0421054,domino,Domino,2005
tt0421073,street kings,Street Kings,2008
tt0421239,red eye,Red Eye,2005
tt0421994,imagine me you,Imagine Me & You,2005
tt0422067,dominion,Dominion,2006
tt0422720,marie antoinette,Marie Antoinette,2006
tt0423294,surfs up,Surf's Up,2007
tt0424136,hard candy,Hard Candy,2005
tt0424205,joyeux noel,Joyeux Noel,2005
tt0424965,the judge,The Judge,2005
tt0425061,get smart,Get Smart,2008
tt0425112,hot fuzz,Hot Fuzz,2007
tt0425123,just like heaven,Just Like Heaven,2005
tt0425210,lucky number slevin,Lucky Number Slevin,2006
tt0425253,minis first time,Mini's First Time,2006
tt0425637,red cliff,Red Cliff,2008
tt0426592,superhero movie,Superhero Movie,2008
tt0427327,hairspray,Hairspray,2007
tt0427954,the protector,The Protector,2005
tt0428251,venom,Venom,2005
tt0429573,an american haunting,An American Haunting,2005
tt0430105,four brothers,Four Brothers,2005
tt0430357,miami vice,Miami Vice,2006
tt0430634,stick it,Stick It,2006
tt0430770,the women,The Women,2008
tt0430779,everyones hero,Everyone's Hero,2006
tt0430912,basic instinct 2,Basic Instinct 2,2006
tt0430922,role models,Role Models,2008
tt0431021,the possession,The Possession,2012
tt0431197,the kingdom,The Kingdom,2007
tt0431308,ps i love you,P.S. I Love You,2007
tt0432021,resident evil extinction,Resident Evil: Extinction,2007
tt0432291,the fog,The Fog,2005
tt0432348,saw ii,Saw II,2005
tt0433035,real steel,Real Steel,2011
tt0433362,daybreakers,Daybreakers,2009
tt0433386,the grudge 2,The Grudge 2,2006
tt0433387,harsh times,Harsh Times,2005
tt0433400,just friends,Just Friends,2005
tt0434409,v for vendetta,V for Vendetta,2005
tt0435625,the descent,The Descent,2005
tt0435651,the giver,The Giver,2014
tt0435705,next,Next,2007
tt0436339,gforce,G-Force,2009
tt0437405,paper man,Paper Man,2009
tt0438296,push,Push,2006
tt0439815,slither,Slither,2006
tt0440963,the bourne ultimatum,The Bourne Ultimatum,2007
tt0441774,lonely hearts,Lonely Hearts,2006
tt0441914,awake,Awake,2005
tt0442933,beowulf,Beowulf,2007
tt0443274,vantage point,Vantage Point,2008
tt0443289,truth or dare,Truth or Dare,2005
tt0443295,yours mine ours,"Yours, Mine & Ours",2005
tt0443465,before we go,Before We Go,2014
tt0443489,dreamgirls,Dreamgirls,2006
tt0443632,the sentinel,The Sentinel,2006
tt0443649,10000 bc,"10,000 BC",2008
tt0443706,zodiac,Zodiac,2007
tt0444653,keeping mum,Keeping Mum,2005
tt0445922,across the universe,Across the Universe,2007
tt0445934,blades of glory,Blades of Glory,2007
tt0448134,sunshine,Sunshine,2007
tt0448157,hancock,Hancock,2008
tt0449010,eragon,Eragon,2006
tt0449059,little miss sunshine,Little Miss Sunshine,2006
tt0449089,rv,RV,2006
tt0449999,kabhi alvida naa kehna,Kabhi Alvida Naa Kehna,2006
tt0450259,blood diamond,Blood Diamond,2006
tt0450278,hostel,Hostel,2005
tt0450314,punisher war zone,Punisher: War Zone,2008
tt0450340,unknown,Unknown,2006
tt0450385,1408,1408,2007
tt0451279,wonder woman,Wonder Woman,2017
tt0452598,cheaper by the dozen 2,Cheaper by the Dozen 2,2005
tt0452608,death race,Death Race,2008
tt0452623,gone baby gone,Gone Baby Gone,2007
tt0452625,good luck chuck,Good Luck Chuck,2007
tt0453451,mr beans holiday,Mr. Bean's Holiday,2007
tt0453467,deja vu,Deja Vu,2006
tt0453494,hoot,Hoot,2006
tt0454516,new world,New World,2005
tt0454841,the hills have eyes,The Hills Have Eyes,2006
tt0454848,inside man,Inside Man,2006
tt0454921,the pursuit of happyness,The Pursuit of Happyness,2006
tt0454945,shes the man,She's the Man,2006
tt0455362,the breed,The Breed,2006
tt0455538,how to lose friends alienate people,How to Lose Friends & Alienate People,2008
tt0455590,the last king of scotland,The Last King of Scotland,2006
tt0455612,madeas family reunion,Madea's Family Reunion,2006
tt0455760,dead silence,Dead Silence,2007
tt0455824,australia,Australia,2008
tt0455944,the equalizer,The Equalizer,2014
tt0456554,grandmas boy,Grandma's Boy,2006
tt0457325,drive,Drive,2005
tt0457400,land of the lost,Land of the Lost,2009
tt0457430,pans labyrinth,Pan's Labyrinth,2006
tt0457510,nacho libre,Nacho Libre,2006
tt0457939,the holiday,The Holiday,2006
tt0458339,captain america the first avenger,Captain America: The First Avenger,2011
tt0458352,the devil wears prada,The Devil Wears Prada,2006
tt0458481,sin city a dame to kill for,Sin City: A Dame to Kill For,2014
tt0459759,revenge,Revenge,2007
tt0460740,cashback,Cashback,2006
tt0461703,skinwalkers,Skinwalkers,2006
tt0462392,lol,LOL,2006
tt0462465,outlander,Outlander,2008
tt0462499,rambo,Rambo,2008
tt0462538,the simpsons movie,The Simpsons Movie,2007
tt0462590,step up,Step Up,2006
tt0463651,paranoia,Paranoia,2005
tt0463854,28 weeks later,28 Weeks Later,2007
tt0463985,the fast and the furious tokyo drift,The Fast and the Furious: Tokyo Drift,2006
tt0463998,freedom writers,Freedom Writers,2007
tt0464141,the orphanage,The Orphanage,2007
tt0464196,severance,Severance,2006
tt0465043,passion,Passion,2005
tt0465234,national treasure book of secrets,National Treasure: Book of Secrets,2007
tt0465494,hitman,Hitman,2007
tt0465538,michael clayton,Michael Clayton,2007
tt0465551,notes on a scandal,Notes on a Scandal,2006
tt0465580,push,Push,2009
tt0467197,max payne,Max Payne,2008
tt0467200,the other boleyn girl,The Other Boleyn Girl,2008
tt0467406,juno,Juno,2007
tt0468492,the host,The Host,2006
tt0468526,old joy,Old Joy,2006
tt0469263,the astronaut farmer,The Astronaut Farmer,2006
tt0469494,there will be blood,There Will Be Blood,2007
tt0470705,bug,Bug,2006
tt0470752,ex machina,Ex Machina,2014
tt0470765,for your consideration,For Your Consideration,2006
tt0471042,tower heist,Tower Heist,2011
tt0472033,9,9,2009
tt0472043,apocalypto,Apocalypto,2006
tt0472062,charlie wilsons war,Charlie Wilson's War,2007
tt0472198,notorious,Notorious,2009
tt0472710,waiting,Waiting,2005
tt0473375,one day,One Day,2005
tt0473488,a guide to recognizing your saints,A Guide to Recognizing Your Saints,2006
tt0475247,darkest hour,Darkest Hour,2005
tt0475394,smokin aces,Smokin' Aces,2006
tt0475944,the covenant,The Covenant,2006
tt0477071,premonition,Premonition,2007
tt0477348,no country for old men,No Country for Old Men,2007
tt0478087,21,21,2008
tt0478134,in the valley of elah,In the Valley of Elah,2007
tt0478277,stranger than fiction,Stranger Than Fiction,2005
tt0478304,the tree of life,The Tree of Life,2011
tt0478311,knocked up,Knocked Up,2007
tt0480249,i am legend,I Am Legend,2007
tt0480669,timecrimes,Timecrimes,2007
tt0482571,the prestige,The Prestige,2006
tt0483607,doomsday,Doomsday,2008
tt0485985,red tails,Red Tails,2012
tt0486000,severance,Severance,2005
tt0486652,sisters,Sisters,2006
tt0486655,stardust,Stardust,2007
tt0486728,the three musketeers,The Three Musketeers,2005
tt0486822,disturbia,Disturbia,2007
tt0486870,mr right,Mr. Right,2005
tt0486946,wild hogs,Wild Hogs,2007
tt0487897,dreamer,Dreamer,2005
tt0488120,fracture,Fracture,2007
tt0489099,jumper,Jumper,2008
tt0489237,the nanny diaries,The Nanny Diaries,2007
tt0491061,border,Border,2007
tt0491175,suburbicon,Suburbicon,2017
tt0492044,the haunting in connecticut,The Haunting in Connecticut,2009
tt0492389,furry vengeance,Furry Vengeance,2010
tt0492619,the foot fist way,The Foot Fist Way,2006
tt0492714,our brand is crisis,Our Brand Is Crisis,2005
tt0493405,chips,CHIPS,2017
tt0494238,inkheart,Inkheart,2008
tt0496806,oceans thirteen,Ocean's Thirteen,2007
tt0498353,hostel part ii,Hostel: Part II,2007
tt0756635,the collection,The Collection,2005
tt0756678,lucy,Lucy,2006
tt0758730,aliens vs predator requiem,Aliens vs. Predator: Requiem,2007
tt0758758,into the wild,Into the Wild,2007
tt0758774,body of lies,Body of Lies,2008
tt0762073,thirst,Thirst,2009
tt0762125,planet 51,Planet 51,2009
tt0762137,sucker punch,Sucker Punch,2008
tt0765429,american gangster,American Gangster,2007
tt0765443,eastern promises,Eastern Promises,2007
tt0765469,the past,The Past,2007
tt0765802,awake,Awake,2005
tt0770752,fools gold,Fool's Gold,2008
tt0774106,upside down,Upside Down,2007
tt0780504,drive,Drive,2011
tt0780511,everybodys fine,Everybody's Fine,2009
tt0780536,in bruges,In Bruges,2008
tt0780571,mr brooks,Mr. Brooks,2007
tt0780622,teeth,Teeth,2007
tt0783233,atonement,Atonement,2007
tt0787475,hot rod,Hot Rod,2007
tt0787524,the man who knew infinity,The Man Who Knew Infinity,2015
tt0790686,mirrors,Mirrors,2008
tt0790712,the messenger,The Messenger,2009
tt0795351,case 39,Case 39,2009
tt0795368,death at a funeral,Death at a Funeral,2007
tt0795448,rampage,Rampage,2006
tt0796302,the babysitters,The Babysitters,2007
tt0800039,forgetting sarah marshall,Forgetting Sarah Marshall,2008
tt0800308,appaloosa,Appaloosa,2008
tt0800369,thor,Thor,2011
tt0800957,honeymoon,Honeymoon,2006
tt0805564,lars and the real girl,Lars and the Real Girl,2007
tt0805570,the midnight meat train,The Midnight Meat Train,2008
tt0806203,carriers,Carriers,2009
tt0808279,funny games,Funny Games,2007
tt0808357,lust caution,"Lust, Caution",2007
tt0808519,unknown,Unknown,2005
tt0810784,bright star,Bright Star,2009
tt0810943,little white lies,Little White Lies,2006
tt0814314,seven pounds,Seven Pounds,2008
tt0815245,the uninvited,The Uninvited,2009
tt0816462,conan the barbarian,Conan the Barbarian,2011
tt0816692,interstellar,Interstellar,2014
tt0817538,drillbit taylor,Drillbit Taylor,2008
tt0821640,ghosts of girlfriends past,Ghosts of Girlfriends Past,2009
tt0821642,the soloist,The Soloist,2009
tt0822832,marley me,Marley & Me,2008
tt0824747,changeling,Changeling,2008
tt0825232,the bucket list,The Bucket List,2007
tt0829482,superbad,Superbad,2007
tt0831387,godzilla,Godzilla,2014
tt0831887,the spirit,The Spirit,2008
tt0832266,definitely maybe,"Definitely, Maybe",2008
tt0838221,the darjeeling limited,The Darjeeling Limited,2007
tt0838232,the pink panther 2,The Pink Panther 2,2009
tt0838247,afterlife,After.Life,2009
tt0839980,semipro,Semi-Pro,2008
tt0844286,the brothers bloom,The Brothers Bloom,2008
tt0844752,shame,Shame,2006
tt0851577,the island,The Island,2006
tt0859163,the mummy tomb of the dragon emperor,The Mummy: Tomb of the Dragon Emperor,2008
tt0862467,valhalla rising,Valhalla Rising,2009
tt0862846,sunshine cleaning,Sunshine Cleaning,2008
tt0864761,the duchess,The Duchess,2008
tt0865556,the forbidden kingdom,The Forbidden Kingdom,2008
tt0865559,my life in ruins,My Life in Ruins,2009
tt0865560,now later,Now & Later,2011
tt0866439,made of honor,Made of Honor,2008
tt0871426,baby mama,Baby Mama,2008
tt0872230,my soul to take,My Soul to Take,2010
tt0875034,nine,Nine,2009
tt0880578,untraceable,Untraceable,2008
tt0881891,all about steve,All About Steve,2009
tt0882789,mr right,Mr. Right,2009
tt0884328,the mist,The Mist,2007
tt0884732,the wedding ringer,The Wedding Ringer,2015
tt0887779,the shape of water,The Shape of Water,2006
tt0887883,burn after reading,Burn After Reading,2008
tt0887912,the hurt locker,The Hurt Locker,2008
tt0889671,trumbo,Trumbo,2007
tt0890870,saw iv,Saw IV,2007
tt0893507,the international,The International,2006
tt0896524,beast,Beast,2006
tt0896811,friends with benefits,Friends (with Benefits),2009
tt0899106,love happens,Love Happens,2009
tt0901476,bride wars,Bride Wars,2009
tt0901488,eye in the sky,Eye in the Sky,2007
tt0910936,pineapple express,Pineapple Express,2008
tt0914797,bottle shock,Bottle Shock,2008
tt0918927,doubt,Doubt,2008
tt0924129,crossing over,Crossing Over,2009
tt0926129,prom night,Prom Night,2008
tt0928188,the box,The Box,2007
tt0938330,silent hill revelation,Silent Hill: Revelation,2012
tt0942904,the uninvited,The Uninvited,2008
tt0945513,source code,Source Code,2011
tt0949731,the happening,The Happening,2008
tt0959358,the walk,The Walk,2007
tt0960144,you dont mess with the zohan,You Don't Mess with the Zohan,2008
tt0962736,the young victoria,The Young Victoria,2009
tt0963178,the international,The International,2009
tt0963194,repo the genetic opera,Repo! The Genetic Opera,2008
tt0963794,the ruins,The Ruins,2008
tt0968264,the conspirator,The Conspirator,2010
tt0970179,hugo,Hugo,2011
tt0970416,the day the earth stood still,The Day the Earth Stood Still,2008
tt0970468,miss pettigrew lives for a day,Miss Pettigrew Lives for a Day,2008
tt0974015,justice league,Justice League,2017
tt0975645,hitchcock,Hitchcock,2012
tt0976051,the reader,The Reader,2008
tt0976238,old dogs,Old Dogs,2009
tt0978764,sucker punch,Sucker Punch,2011
tt0981227,nick and norahs infinite playlist,Nick and Norah's Infinite Playlist,2008
tt0981352,the messenger,The Messenger,2008
tt0983193,the adventures of tintin,The Adventures of Tintin,2011
tt0985699,valkyrie,Valkyrie,2008
tt0986233,hunger,Hunger,2008
tt0986263,surrogates,Surrogates,2009
tt0988595,27 dresses,27 Dresses,2008
tt0989719,the mist,The Mist,2007
tt0990359,black,Black,2009
tt0993842,hanna,Hanna,2011
tt0995039,ghost town,Ghost Town,2008
tt1000774,sex and the city,Sex and the City,2008
tt10012842,as above so below,"As Above, So Below",2012
tt10022384,the protector,The Protector,2019
tt10075374,the little prince,The Little Prince,2019
tt10087280,the interview,The Interview,2006
tt1010048,slumdog millionaire,Slumdog Millionaire,2008
tt10136298,one day,One Day,2019
tt1014763,child 44,Child 44,2015
tt1016075,fame,Fame,2009
tt10171578,mirrors,Mirrors,2019
tt1017460,splice,Splice,2009
tt10175340,noah,Noah,2019
tt1018765,our brand is crisis,Our Brand Is Crisis,2015
tt10227710,brick,Brick,2019
tt1023111,never back down,Never Back Down,2008
tt1024715,choke,Choke,2008
tt1029360,poltergeist,Poltergeist,2015
tt10294046,halloween,Halloween,2013
tt1031941,life,Life,2007
tt1031969,the rocker,The Rocker,2008
tt1032751,the warriors way,The Warrior's Way,2010
tt1032755,rocknrolla,RocknRolla,2008
tt1032815,i love you beth cooper,"I Love You, Beth Cooper",2009
tt1032825,the other woman,The Other Woman,2009
tt10332120,much ado about nothing,Much Ado About Nothing,2019
tt1033575,the descendants,The Descendants,2011
tt1033643,what happens in vegas,What Happens in Vegas,2008
tt10340148,midnight in paris,Midnight in Paris,2019
tt1034303,defiance,Defiance,2008
tt1034331,righteous kill,Righteous Kill,2008
tt1035736,coco before chanel,Coco Before Chanel,2009
tt10368514,halloween ii,Halloween II,2015
tt10389902,beast,Beast,2019
tt10402572,unbroken,Unbroken,2018
tt10432954,the apparition,The Apparition,2016
tt1045772,i love you phillip morris,I Love You Phillip Morris,2009
tt10474426,arctic,Arctic,2009
tt1047540,parental guidance,Parental Guidance,2012
tt10476682,a christmas carol,A Christmas Carol,2019
tt10480798,the man,The Man,2019
tt10514532,into the forest,Into the Forest,2019
tt1051829,revenge,Revenge,2006
tt1051904,goosebumps,Goosebumps,2015
tt10540674,the guest,The Guest,2019
tt1056468,the foreigner,The Foreigner,2008
tt1059786,eagle eye,Eagle Eye,2008
tt1060277,cloverfield,Cloverfield,2008
tt1063669,the wave,The Wave,2008
tt10642636,the walk,The Walk,2019
tt10650688,5050,50/50,2019
tt1065073,boyhood,Boyhood,2014
tt1067106,a christmas carol,A Christmas Carol,2009
tt1068680,yes man,Yes Man,2008
tt1071832,stolen,Stolen,2005
tt1073498,meet the spartans,Meet the Spartans,2008
tt1075417,race to witch mountain,Race to Witch Mountain,2009
tt10778144,a christmas carol,A Christmas Carol,2019
tt1078588,my sisters keeper,My Sister's Keeper,2009
tt1078940,couples retreat,Couples Retreat,2009
tt10801582,white noise,White Noise,2019
tt1083452,eddie the eagle,Eddie the Eagle,2015
tt1084950,rachel getting married,Rachel Getting Married,2008
tt1085470,new world,New World,2005
tt1086772,blended,Blended,2014
tt10869474,safe,Safe,2019
tt1091232,not fade away,Not Fade Away,2008
tt1091821,noah,Noah,2012
tt1092026,paul,Paul,2011
tt1093908,confessions of a shopaholic,Confessions of a Shopaholic,2009
tt10951262,domino,Domino,2019
tt1095217,bad lieutenant port of call new orleans,Bad Lieutenant: Port of Call New Orleans,2009
tt1098327,dragonball evolution,Dragonball Evolution,2009
tt1100089,foxcatcher,Foxcatcher,2014
tt11007024,border,Border,2018
tt1103982,the girlfriend experience,The Girlfriend Experience,2009
tt11059722,revolver,Revolver,2016
tt11110904,thirst,Thirst,2019
tt1111422,the taking of pelham 123,The Taking of Pelham 123,2009
tt1114740,paul blart mall cop,Paul Blart: Mall Cop,2009
tt1121096,seventh son,Seventh Son,2014
tt1121931,crank high voltage,Crank: High Voltage,2009
tt11253764,people like us,People Like Us,2017
tt1125849,the wrestler,The Wrestler,2008
tt1125929,love ranch,Love Ranch,2010
tt1127180,drag me to hell,Drag Me to Hell,2009
tt1127715,sin nombre,Sin Nombre,2009
tt1129442,transporter 3,Transporter 3,2008
tt1130080,the informant,The Informant!,2009
tt1130090,old dogs,Old Dogs,2009
tt11322436,the quiet,The Quiet,2019
tt1132449,lay the favorite,Lay the Favorite,2012
tt1132620,the girl with the dragon tattoo,The Girl with the Dragon Tattoo,2009
tt1132626,saw v,Saw V,2008
tt1133985,green lantern,Green Lantern,2011
tt1133993,serious moonlight,Serious Moonlight,2009
tt1134854,survival of the dead,Survival of the Dead,2009
tt1135487,duplicity,Duplicity,2009
tt1135503,julie julia,Julie & Julia,2009
tt1135985,sex drive,Sex Drive,2008
tt1139282,stolen,Stolen,2009
tt1139668,the unborn,The Unborn,2009
tt1139797,let the right one in,Let the Right One In,2008
tt1142800,madea goes to jail,Madea Goes to Jail,2009
tt1142977,frankenweenie,Frankenweenie,2012
tt1152830,the joneses,The Joneses,2011
tt1159712,lucky,Lucky,2010
tt1160368,12 rounds,12 Rounds,2009
tt11639348,wonder woman,Wonder Woman,2010
tt1172049,demolition,Demolition,2015
tt1172233,whip it,Whip It,2009
tt1172570,bronson,Bronson,2008
tt1172994,the house of the devil,The House of the Devil,2009
tt1173901,the island,The Island,2007
tt1174730,city island,City Island,2009
tt1174732,an education,An Education,2009
tt1176252,hunger,Hunger,2009
tt1176740,away we go,Away We Go,2009
tt1178663,whatever works,Whatever Works,2009
tt1178665,a walk in the woods,A Walk in the Woods,2015
tt1179891,my bloody valentine,My Bloody Valentine,2009
tt1179904,paranormal activity,Paranormal Activity,2007
tt1185440,the tree of life,The Tree of Life,2008
tt1185834,star wars the clone wars,Star Wars: The Clone Wars,2008
tt1186370,spread,Spread,2009
tt1186830,agora,Agora,2009
tt1187041,the answer man,The Answer Man,2009
tt1189073,the skin i live in,The Skin I Live In,2011
tt1189340,the lincoln lawyer,The Lincoln Lawyer,2011
tt1190536,black dynamite,Black Dynamite,2009
tt1195478,the fiveyear engagement,The Five-Year Engagement,2012
tt1196948,charlie countryman,Charlie Countryman,2013
tt11974030,deja vu,Deja Vu,2019
tt1197628,observe and report,Observe and Report,2009
tt1198138,obsessed,Obsessed,2009
tt1201167,funny people,Funny People,2009
tt1205489,gran torino,Gran Torino,2008
tt1209313,the circle,The Circle,2009
tt1210042,brooklyns finest,Brooklyn's Finest,2009
tt1210166,moneyball,Moneyball,2011
tt12132174,fury,Fury,2005
tt1213641,first man,First Man,2018
tt1213644,disaster movie,Disaster Movie,2008
tt1216487,the girl who played with fire,The Girl Who Played with Fire,2009
tt1216496,mother,Mother,2009
tt1219289,limitless,Limitless,2011
tt1219827,ghost in the shell,Ghost in the Shell,2017
tt1220888,henrys crime,Henry's Crime,2010
tt1221932,abduction,Abduction,2009
tt1225822,extract,Extract,2009
tt1226236,i am love,I Am Love,2009
tt12265290,neighbors,Neighbors,2019
tt1226774,in the loop,In the Loop,2009
tt1228987,let me in,Let Me In,2010
tt1229238,mission impossible ghost protocol,Mission: Impossible - Ghost Protocol,2011
tt1229822,jane eyre,Jane Eyre,2011
tt1230215,not fade away,Not Fade Away,2012
tt1230414,its complicated,It's Complicated,2009
tt1231580,alvin and the chipmunks the squeakquel,Alvin and the Chipmunks: The Squeakquel,2009
tt1232776,fish tank,Fish Tank,2009
tt1233227,saw vi,Saw VI,2009
tt1234548,the men who stare at goats,The Men Who Stare at Goats,2009
tt1234721,robocop,RoboCop,2014
tt1235166,a prophet,A Prophet,2009
tt1235796,ondine,Ondine,2009
tt12398104,paranoia,Paranoia,2019
tt1240982,your highness,Your Highness,2011
tt12410576,on the road,On the Road,2011
tt1242460,we need to talk about kevin,We Need to Talk About Kevin,2011
tt1243974,aloha,Aloha,2015
tt1244659,extraordinary measures,Extraordinary Measures,2010
tt1244663,captive,Captive,2008
tt1252512,captive,Captive,2008
tt1253863,300 rise of an empire,300: Rise of an Empire,2014
tt1253864,immortals,Immortals,2011
tt12557760,chef,Chef,2018
tt1255919,holmes watson,Holmes & Watson,2018
tt1258972,the man with the iron fists,The Man with the Iron Fists,2012
tt1259521,the cabin in the woods,The Cabin in the Woods,2011
tt1262416,scream 4,Scream 4,2011
tt1262981,worlds greatest dad,World's Greatest Dad,2009
tt1263670,crazy heart,Crazy Heart,2009
tt12655520,revenge,Revenge,2019
tt1266029,nowhere boy,Nowhere Boy,2009
tt1267297,hercules,Hercules,2014
tt1269566,melancholia,Melancholia,2008
tt1270797,venom,Venom,2018
tt1270798,xmen first class,X-Men: First Class,2011
tt1273221,london fields,London Fields,2018
tt1274300,the tempest,The Tempest,2010
tt1276419,a royal affair,A Royal Affair,2012
tt1284575,bad teacher,Bad Teacher,2011
tt1285009,the strangers prey at night,The Strangers: Prey at Night,2018
tt1285309,the joneses,The Joneses,2009
tt12888470,the cave,The Cave,2018
tt1289406,harry brown,Harry Brown,2009
tt1291150,teenage mutant ninja turtles,Teenage Mutant Ninja Turtles,2014
tt1291584,warrior,Warrior,2011
tt1293847,xxx return of xander cage,xXx: Return of Xander Cage,2017
tt1300851,the boondock saints ii all saints day,The Boondock Saints II: All Saints Day,2009
tt1301178,passion,Passion,2008
tt1301990,every day,Every Day,2010
tt1302067,yogi bear,Yogi Bear,2010
tt1306980,5050,50/50,2011
tt1308728,the happytime murders,The Happytime Murders,2018
tt1308729,bullet to the head,Bullet to the Head,2012
tt1311067,halloween ii,Halloween II,2009
tt13123502,neighbors,Neighbors,2018
tt13123914,lucky,Lucky,2017
tt1314228,did you hear about the morgans,Did You Hear About the Morgans?,2009
tt1315981,a single man,A Single Man,2009
tt1318514,rise of the planet of the apes,Rise of the Planet of the Apes,2011
tt1318517,the man who killed don quixote,The Man Who Killed Don Quixote,2018
tt1319004,arctic,Arctic,2008
tt1321509,death at a funeral,Death at a Funeral,2010
tt1326270,tracks,Tracks,2009
tt13310968,life,Life,2014
tt1334553,the perfect host,The Perfect Host,2010
tt1336997,home again,Home Again,2009
tt1337057,rampage,Rampage,2009
tt1340800,tinker tailor soldier spy,Tinker Tailor Soldier Spy,2011
tt1341167,four lions,Four Lions,2010
tt1343097,the girl who kicked the hornets nest,The Girl Who Kicked the Hornet's Nest,2009
tt1352455,tangerine,Tangerine,2008
tt1352824,chloe,Chloe,2009
tt13571948,a christmas carol,A Christmas Carol,2019
tt13609872,one day,One Day,2015
tt1365050,beasts of no nation,Beasts of No Nation,2015
tt1366344,the sitter,The Sitter,2011
tt1366365,the cold light of day,The Cold Light of Day,2012
tt1370897,the upside,The Upside,2009
tt1371710,the box,The Box,2009
tt1371723,doubt,Doubt,2009
tt1374992,upside down,Upside Down,2012
tt1381404,the company you keep,The Company You Keep,2012
tt1384368,sisters,Sisters,2008
tt1385826,the adjustment bureau,The Adjustment Bureau,2011
tt1389096,stand up guys,Stand Up Guys,2012
tt13950424,wild,Wild,2016
tt1396221,passion play,Passion Play,2010
tt1396484,it,It,2017
tt1397280,taken 2,Taken 2,2012
tt1399103,transformers dark of the moon,Transformers: Dark of the Moon,2011
tt1401152,unknown,Unknown,2011
tt1403177,hesher,Hesher,2010
tt1405500,for colored girls,For Colored Girls,2010
tt14055386,lust caution,Lust Caution,2019
tt14064260,sin city,Sin City,2019
tt14066510,never back down,Never Back Down,2014
tt14066512,hunger,Hunger,2015
tt1411238,no strings attached,No Strings Attached,2011
tt1413495,paranoia,Paranoia,2013
tt14149062,black,Black,2009
tt1416801,kill the irishman,Kill the Irishman,2011
tt1423333,beast,Beast,2007
tt1423894,barneys version,Barney's Version,2010
tt14273760,honeymoon,Honeymoon,2007
tt1430612,brick mansions,Brick Mansions,2014
tt1430615,big miracle,Big Miracle,2012
tt1430626,the pirates band of misfits,The Pirates! Band of Misfits,2012
tt1432203,fury,Fury,2009
tt1432243,peppermint,Peppermint,2006
tt1433811,disconnect,Disconnect,2012
tt1433822,the apparition,The Apparition,2012
tt1434435,mothers day,Mother's Day,2010
tt1436562,rio,Rio,2011
tt1438254,charlie st cloud,Charlie St. Cloud,2010
tt1440232,little white lies,Little White Lies,2010
tt1440732,bel ami,Bel Ami,2012
tt1441326,martha marcy may marlene,Martha Marcy May Marlene,2011
tt1441951,quartet,Quartet,2012
tt1446178,stolen,Stolen,2009
tt14496088,obsessed,Obsessed,2015
tt1450751,sisters,Sisters,2009
tt1452628,vanishing on 7th street,Vanishing on 7th Street,2010
tt1454029,the help,The Help,2011
tt1459012,love crime,Love Crime,2010
tt14598794,match point,Match Point,2018
tt14606166,the women,The Women,2017
tt14608798,bolt,Bolt,2019
tt1462769,the odd life of timothy green,The Odd Life of Timothy Green,2012
tt1469304,baywatch,Baywatch,2017
tt1470023,macgruber,MacGruber,2010
tt1473397,lucky,Lucky,2011
tt1474276,summer wars,Summer Wars,2009
tt1474871,sunshine,Sunshine,2009
tt1478338,bridesmaids,Bridesmaids,2011
tt1479780,rebound,Rebound,2009
tt1480656,cosmopolis,Cosmopolis,2012
tt1483010,logan,Logan,2010
tt1486192,the raven,The Raven,2012
tt1488555,the changeup,The Change-Up,2011
tt14922184,the box,The Box,2007
tt1496422,the paperboy,The Paperboy,2012
tt1499658,horrible bosses,Horrible Bosses,2011
tt1502407,halloween,Halloween,2018
tt1502712,fantastic four,Fantastic Four,2015
tt1509767,the three musketeers,The Three Musketeers,2011
tt1515091,sherlock holmes a game of shadows,Sherlock Holmes: A Game of Shadows,2011
tt1515901,border,Border,2009
tt1517260,the host,The Host,2013
tt15191168,wild card,Wild Card,2019
tt1523483,kaboom,Kaboom,2010
tt1524137,contraband,Contraband,2012
tt1527186,melancholia,Melancholia,2011
tt1528100,exodus gods and kings,Exodus: Gods and Kings,2014
tt1528854,daddys home,Daddy's Home,2015
tt1530883,dirty love,Dirty Love,2009
tt1531663,everything must go,Everything Must Go,2010
tt1535438,hope springs,Hope Springs,2012
tt1540128,playing for keeps,Playing for Keeps,2012
tt1543053,the snowman,The Snowman,2009
tt1545106,vamps,Vamps,2012
tt1545660,knights of badassdom,Knights of Badassdom,2013
tt1547234,premium rush,Premium Rush,2012
tt1553040,waiting,Waiting,2009
tt1557732,promised land,Promised Land,2009
tt1560161,mother,Mother,2009
tt1563738,one day,One Day,2011
tt1563742,overboard,Overboard,2018
tt1564367,just go with it,Just Go with It,2011
tt1566601,the island,The Island,2009
tt1568346,the girl with the dragon tattoo,The Girl with the Dragon Tattoo,2011
tt1568911,war horse,War Horse,2011
tt1570728,crazy stupid love,"Crazy, Stupid, Love.",2011
tt15711102,rebound,Rebound,2010
tt1572501,beast,Beast,2011
tt1581307,honeymoon,Honeymoon,2006
tt15823022,life,Life,2018
tt1582507,house at the end of the street,House at the End of the Street,2012
tt1583420,larry crowne,Larry Crowne,2011
tt1585660,summertime,Summertime,2011
tt1585997,severance,Severance,2010
tt1586265,what to expect when youre expecting,What to Expect When You're Expecting,2012
tt1587310,maleficent,Maleficent,2014
tt1590245,wonder,Wonder...,2010
tt1591479,act of valor,Act of Valor,2012
tt1592873,lol,LOL,2012
tt1595656,to the wonder,To the Wonder,2012
tt1596343,fast five,Fast Five,2011
tt1596723,click,Click,2010
tt1597044,mirror mirror,"Mirror, Mirror",2010
tt1598642,z for zachariah,Z for Zachariah,2015
tt1598778,contagion,Contagion,2011
tt1598828,one for the money,One for the Money,2012
tt1600195,abduction,Abduction,2011
tt1600196,the drop,The Drop,2014
tt1602620,amour,Amour,2012
tt1605783,midnight in paris,Midnight in Paris,2011
tt1606389,the vow,The Vow,2012
tt1613084,ghost town,Ghost Town,2008
tt1613750,kontiki,Kon-Tiki,2012
tt1615147,margin call,Margin Call,2011
tt1615160,the foreigner,The Foreigner,2017
tt1616203,one day,One Day,2010
tt1617630,daddys home,Daddy's Home,2010
tt1620680,a wrinkle in time,A Wrinkle in Time,2018
tt1621045,think like a man,Think Like a Man,2012
tt1622979,final destination 5,Final Destination 5,2011
tt1623723,the campaign,The Campaign,2006
tt16277490,marie antoinette,Marie Antoinette,2016
tt1629757,chasing mavericks,Chasing Mavericks,2012
tt1631867,edge of tomorrow,Edge of Tomorrow,2014
tt1632708,friends with benefits,Friends with Benefits,2011
tt1637688,in time,In Time,2011
tt1638002,love rosie,"Love, Rosie",2014
tt1646971,how to train your dragon 2,How to Train Your Dragon 2,2014
tt16477636,stolen,Stolen,2019
tt1648179,here comes the boom,Here Comes the Boom,2012
tt1648190,the dark tower,The Dark Tower,2017
tt1656186,stolen,Stolen,2012
tt1656190,safe,Safe,2012
tt1657507,colombiana,Colombiana,2011
tt1659343,universal soldier day of reckoning,Universal Soldier: Day of Reckoning,2012
tt1666801,the duff,The DUFF,2015
tt1667310,deadfall,Deadfall,2012
tt1667353,mirror mirror,Mirror Mirror,2012
tt1670345,now you see me,Now You See Me,2013
tt1670686,no strings attached,No Strings Attached,2009
tt1675192,take shelter,Take Shelter,2011
tt1675434,the intouchables,The Intouchables,2011
tt1677036,the holiday,The Holiday,2010
tt1683003,the tempest,The Tempest,2010
tt1686821,vampire academy,Vampire Academy,2014
tt1691844,neighbors,Neighbors,2009
tt1691916,before i fall,Before I Fall,2017
tt1694020,the guilt trip,The Guilt Trip,2012
tt1699233,skyscraper,Skyscraper,2011
tt1699745,captive,Captive,2012
tt1700844,the deep blue sea,The Deep Blue Sea,2011
tt1702543,lucky,Lucky,2011
tt17050304,oliver twist,Oliver Twist,2018
tt1705791,the wave,The Wave,2008
tt1709105,drive,Drive,2010
tt1712170,alex cross,Alex Cross,2012
tt1713476,the bay,The Bay,2012
tt1713561,upside down,Upside Down,2011
tt1715873,10 years,10 Years,2011
tt1716777,people like us,People Like Us,2012
tt1719676,vamps,Vamps,2010
tt1723796,hunger,Hunger,2010
tt1723811,shame,Shame,2011
tt1726669,killer joe,Killer Joe,2011
tt1726796,thirst,Thirst,2012
tt1728200,the box,The Box,2011
tt1731697,the lords of salem,The Lords of Salem,2012
tt1731998,ida,ID:A,2011
tt1734060,5050,50/50,2010
tt1737256,the island,The Island,2011
tt1740047,the trip,The Trip,2010
tt1740683,the man,The Man,2017
tt1741273,secret in their eyes,Secret in Their Eyes,2015
tt1748124,much ado about nothing,Much Ado About Nothing,2010
tt1748179,red lights,Red Lights,2012
tt1748227,the collection,The Collection,2012
tt17528598,venom,Venom,2019
tt1754656,the little prince,The Little Prince,2015
tt1756831,the uninvited,The Uninvited,2010
tt1757736,duplicity,Duplicity,2011
tt1758741,people like us,People Like Us,2010
tt1758810,the snowman,The Snowman,2017
tt1763264,no one lives,No One Lives,2012
tt1763303,the first time,The First Time,2012
tt1764183,arbitrage,Arbitrage,2012
tt1769322,push,P.U.S.H.,2010
tt1769363,the giant mechanical man,The Giant Mechanical Man,2012
tt1783732,john dies at the end,John Dies at the End,2012
tt1785670,widows,Widows,2011
tt17889656,the kingdom,The Kingdom,2012
tt1790809,pirates of the caribbean dead men tell no tales,Pirates of the Caribbean: Dead Men Tell No Tales,2017
tt1790864,the maze runner,The Maze Runner,2014
tt1790886,the campaign,The Campaign,2012
tt1791528,inherent vice,Inherent Vice,2014
tt1800741,step up revolution,Step Up: Revolution,2012
tt1801552,gotti,Gotti,2018
tt18077488,fury,Fury,2019
tt1809398,unbroken,Unbroken,2014
tt1821480,kahaani,Kahaani,2012
tt1821641,the congress,The Congress,2013
tt1823664,annie,Annie,2014
tt1825801,hostel,Hostel,2011
tt1826727,life of the party,Life of the Party,2018
tt1829012,passion,Passion,2012
tt1832382,a separation,A Separation,2011
tt1833881,chloe,Chloe,2013
tt1836808,great expectations,Great Expectations,2012
tt1837703,the fifth estate,The Fifth Estate,2013
tt1839492,ruby sparks,Ruby Sparks,2012
tt1840309,divergent,Divergent,2014
tt1840417,the words,The Words,2012
tt1843196,last days,Last Days,2010
tt1843866,captain america the winter soldier,Captain America: The Winter Soldier,2014
tt1850457,sisters,Sisters,2015
tt1851073,the protector,The Protector,2010
tt1852838,lucky,Lucky,2011
tt1853739,youre next,You're Next,2011
tt1854323,quartet,Quartet!,2011
tt1856101,blade runner 2049,Blade Runner 2049,2017
tt1858800,the quiet,The Quiet,2010
tt1859578,revenge,Revenge,2011
tt1859650,to rome with love,To Rome with Love,2012
tt1866249,the sessions,The Sessions,2012
tt1869538,life,Life,2010
tt1869716,the east,The East,2013
tt1872181,the amazing spiderman 2,The Amazing Spider-Man 2,2014
tt1872194,the judge,The Judge,2014
tt1872818,liberal arts,Liberal Arts,2012
tt1877832,xmen days of future past,X-Men: Days of Future Past,2014
tt1880213,greta,Greta,2010
tt1881002,maggie,Maggie,2015
tt1893211,choke,Choke,2011
tt1894476,how i live now,How I Live Now,2013
tt1899353,the raid redemption,The Raid: Redemption,2011
tt1904995,paranoia,Paranoia,2012
tt1913131,serenity,Serenity,2011
tt1920849,bachelorette,Bachelorette,2012
tt1924394,the angels share,The Angels' Share,2012
tt1931601,venom,Venom,2011
tt1932718,thanks for sharing,Thanks for Sharing,2012
tt1935896,the abcs of death,The ABCs of Death,2012
tt1935902,the brass teapot,The Brass Teapot,2012
tt1943837,the interview,The Interview,2009
tt1945062,about cherry,About Cherry,2012
tt1951265,the hunger games mockingjay part 1,The Hunger Games: Mockingjay - Part 1,2014
tt1956620,sex tape,Sex Tape,2014
tt1959490,noah,Noah,2014
tt1959563,the hitmans bodyguard,The Hitman's Bodyguard,2017
tt1961175,american assassin,American Assassin,2017
tt1964624,in the house,In the House,2012
tt1971352,compliance,Compliance,2012
tt1972591,king arthur legend of the sword,King Arthur: Legend of the Sword,2017
tt1972607,black,Black,2008
tt1972779,the best of me,The Best of Me,2014
tt1976009,victor frankenstein,Victor Frankenstein,2015
tt1981128,geostorm,Geostorm,2017
tt1987680,the upside,The Upside,2017
tt19884288,passion,Passion,2012
tt1989571,the guest,The Guest,2011
tt1991245,chernobyl diaries,Chernobyl Diaries,2012
tt1999987,breathe in,Breathe In,2013
tt2004420,neighbors,Neighbors,2014
tt2006295,the 33,The 33,2015
tt2011351,chips,Chips,2012
tt2011956,passion,Passion,2010
tt2015381,guardians of the galaxy,Guardians of the Galaxy,2014
tt2016940,man of tai chi,Man of Tai Chi,2013
tt20223884,into the blue,Into the Blue,2017
tt2023690,sightseers,Sightseers,2012
tt2024432,identity thief,Identity Thief,2013
tt2024519,the broken circle breakdown,The Broken Circle Breakdown,2012
tt2032557,the reluctant fundamentalist,The Reluctant Fundamentalist,2012
tt2035630,starlet,Starlet,2012
tt2053425,rust and bone,Rust and Bone,2012
tt2056771,a bigger splash,A Bigger Splash,2015
tt2057392,eye in the sky,Eye in the Sky,2015
tt2072230,attack on titan part 1,Attack on Titan Part 1,2015
tt2080410,the new world,The New World,2011
tt2083383,trouble with the curve,Trouble with the Curve,2012
tt2084970,the imitation game,The Imitation Game,2014
tt2084989,upstream color,Upstream Color,2013
tt20864792,hit and run,Hit and Run,2018
tt2091473,promised land,Promised Land,2012
tt2091858,american assassin,American Assassin,2007
tt2091935,mr right,Mr. Right,2015
tt2094064,much ado about nothing,Much Ado About Nothing,2012
tt2096672,dumb and dumber to,Dumb and Dumber To,2014
tt2097298,mcfarland usa,"McFarland, USA",2015
tt2097307,hit and run,Hit and Run,2012
tt2101383,knight of cups,Knight of Cups,2015
tt2101477,the raven,The Raven,2010
tt2103281,dawn of the planet of the apes,Dawn of the Planet of the Apes,2014
tt2105043,upside down,Upside Down,2012
tt2105044,vhs,V/H/S,2012
tt2109176,noah,Noah,2011
tt2109184,paranormal activity 4,Paranormal Activity 4,2012
tt2109248,transformers age of extinction,Transformers: Age of Extinction,2014
tt21140750,derailed,Derailed,2016
tt2119543,the house with a clock in its walls,The House with a Clock in Its Walls,2018
tt2121250,alpha,Alpha,2013
tt2121286,home again,Home Again,2012
tt2122313,the circle,The Circle,2015
tt2124074,28 hotel rooms,28 Hotel Rooms,2012
tt21247780,no strings attached,No Strings Attached,2016
tt2124945,the interview,The Interview,2011
tt2124946,the interview,The Interview,2011
tt2125435,beasts of the southern wild,Beasts of the Southern Wild,2012
tt2125681,truth or dare,Truth or Dare,2013
tt2126234,australia,Australia,2009
tt2126400,unfinished business,Unfinished Business,2011
tt21317468,mr right,Mr. Right,2016
tt2133340,the foreigner,The Foreigner,2011
tt21336716,happy death day,Happy Death Day,2014
tt2143562,new world,New World,2011
tt2159988,the walk,The Walk,2015
tt2162832,the trip,The Trip,2010
tt2167202,getaway,Getaway,2013
tt2167266,tracks,Tracks,2013
tt2170299,bad words,Bad Words,2013
tt2170623,the foreigner,The Foreigner,2012
tt2176244,the messenger,The Messenger,2012
tt2177771,the monuments men,The Monuments Men,2014
tt2179136,american sniper,American Sniper,2014
tt2179165,nine,Nine,2016
tt2180411,into the woods,Into the Woods,2014
tt2186715,cold war,Cold War,2012
tt2190098,the beguiled,The Beguiled,2012
tt2191715,into the woods,Into the Woods,2011
tt21966532,atonement,Atonement,2019
tt2201083,into the woods,Into the Woods,2012
tt2203939,the other woman,The Other Woman,2014
tt22079632,life,Life,2016
tt2217859,louder than bombs,Louder Than Bombs,2015
tt2221640,now you see me,Now You See Me,2012
tt2229499,don jon,Don Jon,2013
tt2231253,wild card,Wild Card,2015
tt2231461,rampage,Rampage,2018
tt2234261,the love punch,The Love Punch,2013
tt2235567,its complicated,It's Complicated,2011
tt2239822,valerian and the city of a thousand planets,Valerian and the City of a Thousand Planets,2017
tt2245804,into the blue,Into the Blue,2012
tt2245970,wildlife,Wildlife,2012
tt2250912,spiderman homecoming,Spider-Man: Homecoming,2017
tt2261633,hitman,Hitman,2012
tt2262329,thirst,Thirst,2011
tt2267998,gone girl,Gone Girl,2014
tt2268016,magic mike xxl,Magic Mike XXL,2015
tt2273657,true story,True Story,2015
tt2278388,the grand budapest hotel,The Grand Budapest Hotel,2014
tt2279339,love the coopers,Love the Coopers,2015
tt2283362,jumanji welcome to the jungle,Jumanji: Welcome to the Jungle,2017
tt2284808,lol,LOL,2012
tt2294449,22 jump street,22 Jump Street,2014
tt2294459,a christmas carol,A Christmas Carol,2012
tt2294677,in a world,In a World...,2013
tt2296697,concussion,Concussion,2013
tt2301414,dominion,Dominion,2013
tt2305051,wild,Wild,2014
tt2309260,the gallows,The Gallows,2015
tt2309941,the new world,The New World,2013
tt2310332,the hobbit the battle of the five armies,The Hobbit: The Battle of the Five Armies,2014
tt2310958,summertime,Summertime,2012
tt2316204,alien covenant,Alien: Covenant,2017
tt2321549,the babadook,The Babadook,2014
tt2321661,truth or dare,Truth or Dare,2012
tt2333784,the expendables 3,The Expendables 3,2014
tt2335176,abduction,Abduction,2013
tt2338424,tumbledown,Tumbledown,2015
tt2345112,parkland,Parkland,2013
tt2345759,the mummy,The Mummy,2017
tt2347569,frances ha,Frances Ha,2012
tt2349144,mississippi grind,Mississippi Grind,2015
tt2350496,the lunchbox,The Lunchbox,2013
tt2350680,mothers day,Mothers Day,2012
tt2358919,black,Black,2012
tt2358925,unfinished business,Unfinished Business,2015
tt23628024,take me,Take Me,2018
tt2363303,dark water,Dark Water,2012
tt2369135,need for speed,Need for Speed,2014
tt2375574,a field in england,A Field in England,2013
tt2378507,the glass castle,The Glass Castle,2017
tt2379805,dreamer,Dreamer,2013
tt2382298,life itself,Life Itself,2014
tt2386203,captive,Captive,2013
tt2388637,aint them bodies saints,Ain't Them Bodies Saints,2013
tt2397535,predestination,Predestination,2014
tt2401878,anomalisa,Anomalisa,2015
tt2402731,unknown,Unknown,2012
tt2403021,the green inferno,The Green Inferno,2013
tt2404425,woman in gold,Woman in Gold,2015
tt2404435,the magnificent seven,The Magnificent Seven,2016
tt2404461,the past,The Past,2013
tt2404548,on the road,On the Road,2011
tt2406566,atomic blonde,Atomic Blonde,2017
tt2411684,the campaign,The Campaign,2013
tt2418406,dark water,Dark Water,2007
tt2436386,project almanac,Project Almanac,2015
tt2447982,abduction,Abduction,2011
tt2450186,vhs2,V/H/S/2,2013
tt2452484,lucky,Lucky,2014
tt2471180,revenge,Revenge,2012
tt2477178,hitch,Hitch,2012
tt2484964,into the blue,Into the Blue,2009
tt2486950,the man,The Man,2009
tt2515034,the gunman,The Gunman,2015
tt2516968,step up,Step Up,2012
tt2531344,blockers,Blockers,2018
tt2543472,wonder,Wonder,2017
tt2555736,the second best exotic marigold hotel,The Second Best Exotic Marigold Hotel,2015
tt2557478,pacific rim uprising,Pacific Rim: Uprising,2018
tt2557490,a million ways to die in the west,A Million Ways to Die in the West,2014
tt2582496,me and earl and the dying girl,Me and Earl and the Dying Girl,2015
tt2582498,sweet virginia,Sweet Virginia,2017
tt2582802,whiplash,Whiplash,2014
tt2582846,the fault in our stars,The Fault in Our Stars,2014
tt2611006,the island,The Island,2012
tt2612800,sisters,Sisters,2013
tt2614250,rio,Rio,2012
tt2625030,new world,New World,2013
tt2625810,into the forest,Into the Forest,2015
tt2637294,hot tub time machine 2,Hot Tub Time Machine 2,2015
tt2638048,dominion,Dominion,2015
tt2639336,greta,Greta,2018
tt2651158,much ado about nothing,Much Ado About Nothing,2012
tt2679552,it,I.T.,2016
tt2692250,night at the museum secret of the tomb,Night at the Museum: Secret of the Tomb,2014
tt27074321,its complicated,It's Complicated,2018
tt2713180,fury,Fury,2014
tt2718492,ida,Ida,2013
tt2718538,honeymoon,Honeymoon,2013
tt2726560,the longest ride,The Longest Ride,2015
tt2732210,tumbledown,Tumbledown,2013
tt2734456,tracks,Tracks,2013
tt2736822,great expectations,Great Expectations,2013
tt2752772,sinister 2,Sinister 2,2015
tt2753652,waiting,Waiting,2013
tt2762738,truth or dare,Truth or Dare,2013
tt2786328,the circle,The Circle,2013
tt2788710,the interview,The Interview,2014
tt2802144,kingsman the secret service,Kingsman: The Secret Service,2014
tt2805976,doomsday,Doomsday,2015
tt2806870,revenge,Revenge,2013
tt28170203,baby mama,Baby Mama,2019
tt2818654,cemetery of splendor,Cemetery of Splendor,2015
tt28208753,burning,Burning,2014
tt2837194,rebound,Rebound,2014
tt2837574,the old man the gun,The Old Man & the Gun,2018
tt2870612,as above so below,"As Above, So Below",2014
tt2872718,nightcrawler,Nightcrawler,2014
tt2872732,lucy,Lucy,2014
tt2883512,chef,Chef,2014
tt2888046,ip man 3,Ip Man 3,2015
tt2911666,john wick,John Wick,2014
tt2918436,the lazarus effect,The Lazarus Effect,2015
tt29231355,the walk,The Walk,2007
tt2932536,47 meters down,47 Meters Down,2017
tt2938956,the transporter refueled,The Transporter Refueled,2015
tt2943946,the circle,The Circle,2017
tt29449540,revenge,Revenge,2008
tt2948840,life,Life,2015
tt29550206,the apparition,The Apparition,2016
tt2967224,hot pursuit,Hot Pursuit,2015
tt29673051,honeymoon,Honeymoon,2019
tt2975578,the purge anarchy,The Purge: Anarchy,2014
tt2976864,the nightingale,The Nightingale,2013
tt2980516,the theory of everything,The Theory of Everything,2014
tt2980592,the guest,The Guest,2014
tt2991524,revenge,Revenge,2014
tt3009444,shame,Shame,2013
tt3011894,wild tales,Wild Tales,2014
tt3044736,true story,True Story,2013
tt3045616,mortdecai,Mortdecai,2015
tt3097490,summertime,Summertime,2014
tt3099498,tusk,Tusk,2014
tt3107798,rambo,Rambo,2012
tt3111618,equals,Equals,2014
tt3114786,true story,True Story,2015
tt31170404,the trip,The Trip,2010
tt3142228,border,Border,2013
tt3148952,the circle,The Circle,2014
tt3156890,life of the party,Life of the Party,2013
tt3164256,rock the kasbah,Rock the Kasbah,2015
tt3164868,gifted,Gifted,2015
tt3165612,sleeping with other people,Sleeping with Other People,2015
tt3166734,alpha,Alpha,2014
tt3168230,mr holmes,Mr. Holmes,2015
tt3172532,the diary of a teenage girl,The Diary of a Teenage Girl,2015
tt3177316,honeymoon,Honeymoon,2014
tt3178200,searching,Searching,2008
tt31805103,darkest hour,Darkest Hour,2011
tt3195644,insidious chapter 3,Insidious: Chapter 3,2015
tt3202408,its complicated,It's Complicated,2014
tt3203528,bad samaritan,Bad Samaritan,2018
tt3203606,trumbo,Trumbo,2015
tt3205376,slow west,Slow West,2015
tt3206392,lucky,Lucky,2012
tt3216348,incarnate,Incarnate,2016
tt3220576,passion,Passion,2013
tt3235888,it follows,It Follows,2014
tt3236120,ill see you in my dreams,I'll See You in My Dreams,2015
tt3248078,upside down,Upside Down,2013
tt32572871,the protector,The Protector,2015
tt3263946,trial by fire,Trial by Fire,2018
tt3268668,captive,Captive,2015
tt3274666,the three musketeers,The Three Musketeers,2013
tt3278330,tale of tales,Tale of Tales,2015
tt3282076,domino,Domino,2019
tt3286052,the blackcoats daughter,The Blackcoat's Daughter,2015
tt3289724,welcome to marwen,Welcome to Marwen,2018
tt3289728,equals,Equals,2015
tt3296724,the covenant,The Covenant,2013
tt3303730,obsessed,Obsessed,2014
tt3308106,the guest,The Guest,2014
tt3313072,war horse,War Horse,2014
tt3315342,logan,Logan,2017
tt3318004,starlet,Starlet,2012
tt3319920,regression,Regression,2015
tt3322364,concussion,Concussion,2015
tt3322940,annabelle,Annabelle,2014
tt33256969,drive,Drive,2015
tt3327426,war of the worlds,War of the Worlds,2013
tt3330566,mother,Mother,2012
tt3334374,mother,Mother,2015
tt3335606,berlin syndrome,Berlin Syndrome,2017
tt33397372,firewall,Firewall,2006
tt33397593,æon flux,Æon Flux,2007
tt33397629,eragon,Eragon,2007
tt33397677,fantastic four,Fantastic Four,2007
tt33397784,star wars episode iii revenge of the sith,Star Wars Episode III: Revenge of the Sith,2007
tt33398382,transformers,Transformers,2007
tt33398433,beowulf,Beowulf,2008
tt33398436,spiderman 3,Spider-Man 3,2008
tt33398440,cloverfield,Cloverfield,2008
tt33398444,i am legend,I Am Legend,2008
tt33407003,the happening,The Happening,2008
tt3348730,jigsaw,Jigsaw,2017
tt3371366,transformers the last knight,Transformers: The Last Knight,2017
tt3379720,a separation,A Separation,2013
tt3387266,a united kingdom,A United Kingdom,2016
tt3400912,mother,Mother,2014
tt3402236,murder on the orient express,Murder on the Orient Express,2017
tt3407422,lucky,Lucky,2012
tt3416742,what we do in the shadows,What We Do in the Shadows,2014
tt3416744,the end of the tour,The End of the Tour,2015
tt3431016,the messenger,The Messenger,2015
tt34364191,honeymoon,Honeymoon,2014
tt3450900,the sea of trees,The Sea of Trees,2015
tt3450958,war for the planet of the apes,War for the Planet of the Apes,2017
tt3488710,the walk,The Walk,2015
tt3498820,captain america civil war,Captain America: Civil War,2016
tt3501632,thor ragnarok,Thor: Ragnarok,2017
tt3517850,12 rounds,12 Rounds,2016
tt3521126,the disaster artist,The Disaster Artist,2017
tt3530002,the night before,The Night Before,2015
tt3531740,waiting,Waiting,2015
tt3532216,american made,American Made,2017
tt3534078,the three musketeers,The Three Musketeers,2008
tt3544082,45 years,45 Years,2015
tt3614530,jem and the holograms,Jem and the Holograms,2015
tt3616916,the wave,The Wave,2015
tt3622592,paper towns,Paper Towns,2015
tt3623726,ricki and the flash,Ricki and the Flash,2015
tt36833243,unknown,Unknown,2019
tt3705608,cursed,Cursed,2017
tt3707106,by the sea,By the Sea,2015
tt3715320,irrational man,Irrational Man,2015
tt3717490,power rangers,Power Rangers,2017
tt3721256,revenge,Revenge,2015
tt3721964,gringo,Gringo,2018
tt3722070,the lady in the van,The Lady in the Van,2015
tt3727208,paper man,Paper Man,2012
tt3727750,gifted,Gifted,2018
tt3731562,kong skull island,Kong: Skull Island,2017
tt3735246,bajirao mastani,Bajirao Mastani,2015
tt3742100,life,Life,2007
tt3749926,bug,Bug,2017
tt3774870,afterlife,Afterlife,2014
tt37860183,sisters,Sisters,2008
tt3787590,we are your friends,We Are Your Friends,2015
tt3793668,thirst,Thirst,2015
tt3812348,mr right,Mr. Right,2015
tt3813310,cop car,Cop Car,2015
tt3824458,tangerine,Tangerine,2015
tt3829920,only the brave,Only the Brave,2017
tt3833460,bride wars,Bride Wars,2015
tt3840898,the tempest,The Tempest,2014
tt3841424,land of mine,Land of Mine,2015
tt3848668,the little prince,The Little Prince,2015
tt3849694,just friends,Just Friends,2012
tt3850214,dope,Dope,2015
tt3850590,krampus,Krampus,2015
tt38517001,the informant,The Informant,2018
tt3863552,bajrangi bhaijaan,Bajrangi Bhaijaan,2015
tt3867434,mother,Mother,2006
tt3872966,on the road,On the Road,2013
tt3877674,men chicken,Men & Chicken,2015
tt3890160,baby driver,Baby Driver,2017
tt3890902,lucky,Lucky,2016
tt3896198,guardians of the galaxy vol 2,Guardians of the Galaxy Vol. 2,2017
tt39061333,shame,Shame,2010
tt3920820,brian banks,Brian Banks,2018
tt3954422,crossing over,Crossing Over,2017
tt3955494,promised land,Promised Land,2016
tt3955808,thirst,Thirst,2015
tt3958034,dont breathe,Don't Breathe,2014
tt3982768,revenge,Revenge,2016
tt3985956,hercules,Hercules,2014
tt3986820,the endless,The Endless,2017
tt4008758,black,Black,2015
tt4023894,gifted,Gifted,2014
tt4024312,cursed,Cursed,2017
tt4025788,paranoia,Paranoia,2014
tt4028068,wonder woman,Wonder Woman,2014
tt4034452,hyena road,Hyena Road,2015
tt4045200,black,Black,2014
tt4051858,one day,One Day,2013
tt4068576,the nightingale,The Nightingale,2018
tt4071086,wild,Wild,2016
tt4073790,the darkest minds,The Darkest Minds,2018
tt4080728,a man called ove,A Man Called Ove,2015
tt4080768,summertime,Summertime,2015
tt4103724,forever my girl,Forever My Girl,2018
tt4105212,life,Life,2014
tt4126438,the ones below,The Ones Below,2015
tt4143104,promised land,Promised Land,2011
tt4144522,sisters,Sisters!,2011
tt4154916,replicas,Replicas,2018
tt4160708,dont breathe,Don't Breathe,2016
tt4163390,warrior,Warrior,2015
tt4170530,the babysitters,The Babysitters,2014
tt4180008,gringo,Gringo,2016
tt4190256,the orphanage,The Orphanage,2016
tt4209788,mollys game,Molly's Game,2017
tt4218572,widows,Widows,2018
tt4230700,complete unknown,Complete Unknown,2016
tt4243168,hostiles,Hostiles,2015
tt4244998,alpha,Alpha,2018
tt4251006,beast,Beast,2015
tt4252612,tracks,Tracks,2014
tt4270516,grandma,Grandma,2015
tt4280326,parental guidance,Parental Guidance,2014
tt4283448,wonder woman,Wonder Woman,2016
tt4287320,the circle,The Circle,2017
tt4299324,21,2+1,2014
tt4301034,by the sea,By the Sea,2016
tt4307692,dreamgirls,Dreamgirls,2015
tt4308718,summertime,Summertime,2006
tt4310790,revenge,Revenge,2011
tt4326444,julieta,Julieta,2016
tt4337690,90 minutes in heaven,90 Minutes in Heaven,2015
tt4339118,on the road,On the Road,2014
tt4354276,the new world,The New World,2015
tt4354756,the wave,The Wave,2019
tt4359322,beast,Beast,2009
tt4360484,the joneses,The Joneses,2016
tt4370784,the innocents,The Innocents,2016
tt4387314,a christmas carol,A Christmas Carol,2018
tt4425200,john wick chapter 2,John Wick: Chapter 2,2017
tt4453750,before we go,Before We Go,2014
tt4459912,honeymoon,Honeymoon,2015
tt4465564,fifty shades darker,Fifty Shades Darker,2017
tt4465572,american woman,American Woman,2018
tt4481414,gifted,Gifted,2017
tt4501454,the meddler,The Meddler,2015
tt4555426,darkest hour,Darkest Hour,2017
tt4560008,this beautiful fantastic,This Beautiful Fantastic,2016
tt4587780,unleashed,Unleashed,2016
tt4595882,can you ever forgive me,Can You Ever Forgive Me?,2018
tt4602066,the catcher was a spy,The Catcher Was a Spy,2018
tt4627100,next,Next,2015
tt4630562,the fate of the furious,The Fate of the Furious,2017
tt4649466,kingsman the golden circle,Kingsman: The Golden Circle,2017
tt4650414,summertime,Summertime,2016
tt4650738,much ado about nothing,Much Ado About Nothing,2016
tt4669788,on the basis of sex,On the Basis of Sex,2018
tt4670968,alpha,Alpha,2005
tt4677348,the innocents,The Innocents,2015
tt4695012,it comes at night,It Comes at Night,2017
tt4697228,the sitter,The Sitter,2017
tt4715968,mothers day,Mother's Day,2009
tt4727712,book club,Book Club,2015
tt4745746,the drop,The Drop,2015
tt4761916,unfriended dark web,Unfriended: Dark Web,2018
tt4765284,pitch perfect 3,Pitch Perfect 3,2017
tt4772418,gringo,Gringo,2015
tt4776578,a christmas carol,A Christmas Carol,2015
tt4793074,sisters,Sisters,2015
tt4799050,rough night,Rough Night,2017
tt4809870,love happens,Love Happens,2010
tt4818930,waiting,Waiting,2015
tt4824222,drive,Drive,2018
tt4824302,mothers day,Mother's Day,2016
tt4828330,red eye,Red Eye,2017
tt4828332,lucky,Lucky,2018
tt4834526,the uninvited,The Uninvited,2015
tt4834728,promised land,Promised Land,2015
tt4846232,good time,Good Time,2017
tt4907156,widows,Widows,2015
tt4925292,lady bird,Lady Bird,2017
tt4935334,southbound,Southbound,2015
tt4946644,mirrors,Mirrors,2013
tt4949088,thirst,Thirst,2015
tt4964788,everybody knows,Everybody Knows,2018
tt4969638,push,Push,2016
tt4971344,the sisters brothers,The Sisters Brothers,2018
tt4984930,the messenger,The Messenger,2015
tt5001718,everything everything,"Everything, Everything",2017
tt5013056,dunkirk,Dunkirk,2017
tt5027774,three billboards outside ebbing missouri,"Three Billboards Outside Ebbing, Missouri",2017
tt5029642,into the forest,Into the Forest,2016
tt5047858,the box,The Box,2015
tt5052448,get out,Get Out,2017
tt5068890,hunger,Hunger!,2015
tt5093026,papillon,Papillon,2017
tt5097012,21,21,2016
tt5105628,upside down,Upside Down,2015
tt5108902,the three stooges,The Three Stooges,2015
tt5109784,mother,Mother!,2017
tt5116208,annie,Annie,2015
tt5131900,wonder woman,Wonder Woman,2015
tt5132504,paul,Paul,2016
tt5138210,good luck chuck,Good Luck Chuck,2016
tt5140878,annabelle creation,Annabelle: Creation,2017
tt5142532,hunger,Hunger,2015
tt5156940,the lure,The Lure,2016
tt5173032,busters mal heart,Buster's Mal Heart,2016
tt5177706,the drop,The Drop,2016
tt5208252,operation finale,Operation Finale,2018
tt5241920,the gunman,The Gunman,2016
tt5249994,tracks,Tracks,2018
tt5278832,the lure,The Lure,2015
tt5294550,all the money in the world,All the Money in the World,2017
tt5308322,happy death day,Happy Death Day,2017
tt5317732,the little prince,The Little Prince,2015
tt5328352,everybodys fine,Everybody's Fine,2016
tt5332280,mother,Mother,2016
tt5340300,lean on pete,Lean on Pete,2017
tt5360996,mary magdalene,Mary Magdalene,2018
tt5362988,wind river,Wind River,2017
tt5439796,logan lucky,Logan Lucky,2017
tt5442430,life,Life,2017
tt5461944,hotel mumbai,Hotel Mumbai,2018
tt5462602,the big sick,The Big Sick,2017
tt5478478,hostiles,Hostiles,2017
tt5501104,border,Border,2018
tt5523010,the nutcracker and the four realms,The Nutcracker and the Four Realms,2018
tt5531336,proof,Proof,2017
tt5537146,the host,The Host,2015
tt5537300,cold war,Cold War,2017
tt5569310,much ado about nothing,Much Ado About Nothing,2011
tt5580036,i tonya,"I, Tonya",2017
tt5580390,the shape of water,The Shape of Water,2017
tt5583530,crossing over,Crossing Over,2016
tt5592248,the beguiled,The Beguiled,2017
tt5607782,the covenant,The Covenant,2017
tt5613484,mid90s,Mid90s,2018
tt5619332,life of the party,Life of the Party,2018
tt5628302,beast,Beast,2017
tt5633056,the box,The Box,2014
tt5647250,on the road,On the Road,2016
tt5649108,thoroughbreds,Thoroughbreds,2017
tt5649144,the florida project,The Florida Project,2017
tt5663182,every day,Every Day,2016
tt5678218,the orphanage,The Orphanage,2019
tt5678896,the box,The Box,2018
tt5688932,sorry to bother you,Sorry to Bother You,2018
tt5690360,slender man,Slender Man,2018
tt5707304,mother,Mother,2016
tt5715874,the killing of a sacred deer,The Killing of a Sacred Deer,2017
tt5719388,9,9,2016
tt5719700,home again,Home Again,2017
tt5726086,insidious the last key,Insidious: The Last Key,2018
tt5734820,rio,Rio,2017
tt5742374,you were never really here,You Were Never Really Here,2017
tt5745450,chef,Chef,2017
tt5752788,everything must go,Everything Must Go,2019
tt5758778,skyscraper,Skyscraper,2018
tt5773402,dominion,Dominion,2018
tt5774450,summer of 84,Summer of 84,2018
tt5776858,phantom thread,Phantom Thread,2017
tt5797456,melancholia,Melancholia,2017
tt5834262,hotel artemis,Hotel Artemis,2018
tt5836316,the last movie star,The Last Movie Star,2017
tt5837458,one day,One Day,2015
tt5838908,the descendants,The Descendants,2015
tt5859238,lucky,Lucky,2017
tt5861350,fame,Fame,2017
tt5870006,sisters,Sisters,2016
tt5897302,slender man,Slender Man,2013
tt5929754,wildlife,Wildlife,2018
tt5943940,abduction,Abduction,2017
tt5944422,truth or dare,Truth or Dare,2016
tt5948184,last days,Last Days,2016
tt5952138,we have always lived in the castle,We Have Always Lived in the Castle,2018
tt5955834,the guest,The Guest,2016
tt5989218,life itself,Life Itself,2018
tt5989408,trial by fire,Trial by Fire,2017
tt6006924,the night before,The Night Before,2017
tt6026954,the perfect host,The Perfect Host,2016
tt6080038,life,Life,2018
tt6084030,limitless,Limitless,2017
tt6103010,new world,New World,2017
tt6108178,disobedience,Disobedience,2017
tt6149902,duplicity,Duplicity,2017
tt6168298,one day,One Day,2016
tt6173644,derailed,Derailed,2016
tt6205872,assassination nation,Assassination Nation,2018
tt6212478,american animals,American Animals,2018
tt6212558,tangerine,Tangerine,2016
tt6214734,one day,One Day,2017
tt6215338,stolen,Stolen,2016
tt6246092,the judge,The Judge,2017
tt6253546,role models,Role Models,2017
tt6257174,the miseducation of cameron post,The Miseducation of Cameron Post,2018
tt6265828,a ghost story,A Ghost Story,2017
tt6288124,dont worry he wont get far on foot,"Don't Worry, He Won't Get Far on Foot",2018
tt6294822,the post,The Post,2017
tt6298204,no strings attached,No Strings Attached,2016
tt6313896,alpha,Alpha,2019
tt6328392,alpha,AlphA,2015
tt6335394,the island,The Island,2017
tt6353886,the night before,The Night Before,2015
tt6383452,wild,Wild,2018
tt6383726,safe,Safe,2017
tt6396378,the guest,The Guest,2008
tt6419402,warrior,Warrior,2007
tt6447494,the guest,The Guest,2016
tt6449204,the island,The Island,2010
tt6449832,skinwalkers,Skinwalkers,2014
tt6449960,paranoia,Paranoia,2016
tt6463468,beast,Beast,2018
tt6476140,serenity,Serenity,2019
tt6501192,hostel,Hostel,2013
tt6507368,the lost city,The Lost City,2016
tt6510258,its complicated,It's Complicated,2017
tt6543652,cold war,Cold War,2018
tt6559390,the apparition,The Apparition,2018
tt6593054,drive,Drive,2019
tt6598256,no strings attached,No Strings Attached,2017
tt6598626,take me,Take Me,2017
tt6625996,hitman,Hitman,2014
tt6683070,thirst,Thirst,2018
tt6722548,concussion,Concussion,2017
tt6738136,revenge,Revenge,2017
tt6772950,truth or dare,Truth or Dare,2018
tt6774890,the host,The Host,2005
tt6791096,i feel pretty,I Feel Pretty,2018
tt6795056,waiting,Waiting,2017
tt6820256,arctic,Arctic,2018
tt6850820,peppermint,Peppermint,2018
tt6857166,book club,Book Club,2018
tt6869532,kill the irishman,Kill the Irishman,2017
tt6869948,truth or dare,Truth or Dare,2018
tt6877488,derailed,Derailed,2018
tt6893224,unfinished business,Unfinished Business,2017
tt6897484,life of the party,Life of the Party,2017
tt6905696,slaughterhouse rulez,Slaughterhouse Rulez,2018
tt6921996,johnny english strikes again,Johnny English Strikes Again,2018
tt6938828,at eternitys gate,At Eternity's Gate,2018
tt6946440,awake,Awake,2017
tt6954894,the circle,The Circle,2017
tt6957966,little italy,Little Italy,2018
tt6974108,the first time,The First Time,2018
tt7008872,boy erased,Boy Erased,2018
tt7026672,every day,Every Day,2018
tt7027210,first man,First Man,2017
tt7064690,halloween ii,Halloween II,2010
tt7122852,let me in,Let Me In,2017
tt7137380,destroyer,Destroyer,2018
tt7153766,unsane,Unsane,2018
tt7160070,along with the gods the two worlds,Along With the Gods: The Two Worlds,2017
tt7178226,the cave,The Cave,2019
tt7235388,the man,The Man,2016
tt7236034,i want to eat your pancreas,I Want to Eat Your Pancreas,2018
tt7242142,blindspotting,Blindspotting,2018
tt7246052,deja vu,Deja Vu,2018
tt7254796,black,Black,2015
tt7259100,dark water,Dark Water,2017
tt7282468,burning,Burning,2018
tt7302296,lonely hearts,Lonely Hearts,2019
tt7314778,sunshine,Sunshine,2017
tt7316906,unfinished business,Unfinished Business,2017
tt7326798,sisters,Sisters,2018
tt7368554,the interpreter,The Interpreter,2018
tt7371048,getaway,Getaway,2017
tt7379226,awake,Awake,2018
tt7391246,the interview,The Interview,2017
tt7399174,the messenger,The Messenger,2016
tt7422674,revenge,Revenge,2019
tt7464242,honeymoon,Honeymoon,2013
tt7466076,mother,Mother,2019
tt7480724,wild,Wild,2018
tt7496196,hugo,Hugo,2017
tt7520136,the conspirator,The Conspirator,2012
tt7535280,teeth,Teeth,2017
tt7584702,awake,Awake,2019
tt7592248,melancholia,Melan*cholia,2018
tt7599406,waiting,Waiting,2017
tt7654872,the other woman,The Other Woman,2018
tt7668870,searching,Searching,2018
tt7694204,promised land,Promised Land,2017
tt7694546,beowulf,Beowulf,2018
tt7701646,promised land,Promised Land,2017
tt7733440,king kong,King Kong,2018
tt7820614,a christmas carol,A Christmas Carol,2017
tt7831326,lucky,Lucky,2018
tt7867360,abduction,Abduction,2019
tt7883448,mirrors,Mirrors,2018
tt8011712,the past,The Past,2018
tt8045822,paranoia,Paranoia,2015
tt8075192,shoplifters,Shoplifters,2018
tt8108198,andhadhun,Andhadhun,2018
tt8180482,9,9,2019
tt8232648,a christmas carol,A Christmas Carol,2018
tt8249858,honeymoon,Honeymoon,2013
tt8274146,one day,One Day,2018
tt8305374,honeymoon,Honeymoon,2018
tt8323644,unfinished business,Unfinished Business,2017
tt8327742,paranoia,Paranoia,2018
tt8399650,upside down,Upside Down,2015
tt8413566,disconnect,Disconnect,2018
tt8457802,dreamer,Dreamer,2018
tt8602886,sunshine,Sunshine,2018
tt8633882,last days,Last Days,2019
tt8680408,the circle,The Circle,2016
tt8688710,burning,Burning,2016
tt8755316,the island,The Island,2018
tt8792882,the guest,The Guest,2018
tt8844252,wild,Wild,2018
tt8976772,push,Push,2019
tt8991250,the tree of life,The Tree of Life,2018
tt9000062,maggie,Maggie,2018
tt9048972,sisters,Sisters,2018
tt9109492,american woman,American Woman,2019
tt9125432,the island,The Island,2018
tt9151364,the tempest,The Tempest,2019
tt9216870,book club,Book Club,2018
tt9234450,mother,Mother,2019
tt9249988,fracture,Fracture,2008
tt9310544,afterlife,Afterlife,2019
tt9363208,the guest,The Guest,2018
tt9386300,neighbors,Neighbors,2018
tt9387380,a christmas carol,A Christmas Carol,2018
tt9392532,neighbors,Neighbors,2018
tt9416854,a christmas carol,A Christmas Carol,2018
tt9455884,mother,(M)other,2019
tt9477532,greta,Greta,2019
tt9626910,jane eyre,Jane Eyre,2019
tt9649770,the past,The Past,2018
tt9671258,the interpreter,The Interpreter,2019
tt9702034,neighbors,Neighbors,2012
tt9703646,into the woods,Into the Woods,2018
tt9816184,captive,Captive,2018
tt9823276,the island,The Island,2018
tt9827712,the first time,The First Time,2018
tt9851050,sisters,Sisters,2019
tt9889814,kiss kiss bang bang,Kiss Kiss Bang Bang,2017
